{"test_loss": 3.829570752098447, "test_acc": 0.3752380952380952, "train_loss": 0.7678457501388731, "train_acc": 0.7953373015873016, "_timestamp": 1752798075.900409, "_runtime": 15867.483491897583, "_step": 74, "_wandb": {"runtime": 15867}}