{"test_loss": 4.775936876024518, "test_acc": 0.017857142857142856, "train_loss": 5.1397428149268745, "train_acc": 0.009523809523809525, "_timestamp": 1752810008.049508, "_runtime": 132.27582716941833, "_step": 0}