{"test_loss": 4.778281398046584, "test_acc": 0.009821428571428571, "train_loss": 4.906004170009068, "train_acc": 0.008035714285714285, "_timestamp": 1752778959.54275, "_runtime": 247.99630498886108, "_step": 0}