{"test_loss": 1.5739216228945554, "test_acc": 0.5369204636290967, "train_loss": 1.7757959010777065, "train_acc": 0.48551159072741806, "_timestamp": 1752826949.0780091, "_runtime": 4668.694151163101, "_step": 3}