{"test_loss": 0.0870958184604359, "test_acc": 0.9727218225419664, "train_loss": 0.05968777526304344, "train_acc": 0.9811400879296562, "_timestamp": 1752948869.757901, "_runtime": 87434.18423199654, "_step": 74}